{"Mean distance from the GT to predicted surface in microns": 0.5769826046953441, "Mean distance from predicted to the GT surface in microns": 1.5395909269889272, "Mean Hausdorff95 distance": 6.780281123348363, "Mean surface overlap fraction of GT surfaces with predicted surfaces": 0.6533684998952909, "Mean surface overlap fraction of the predicted surfaces with the GT surfaces": 0.5517052697816086, "Mean surface DSC": 0.5953552046403098, "Mean volume DSC over matched objects": 0.8456299125074488, "tp": 352, "fn": 10, "fp": 30, "precision": 0.9214659685863874, "recall": 0.9723756906077348, "accuracy": 0.8979591836734694, "f1": 0.946236559139785, "mean_true_score": 0.7171123574451846, "mean_matched_score": 0.7374848675998774, "panoptic_quality": 0.6978351435353679}