{"Average distance from the ground truth to predictions in microns": 0.35495020212645245, "Average distance from predictions to the ground truth in microns": 0.47646847456059616, "Average Hausdorff distances": 0.0015025274918813185, "Surface overlap fraction of the GT surfaces with the predicted surfaces": 0.7483893018394324, "Surface overlap fraction of the predicted surfaces with the GT surfaces": 0.7401555609827111, "Surface dice coefficients mean": 0.7167179103250018, "Volume dice coefficients mean": 0.8458054824870341, "tp": 339, "fn": 23, "fp": 98, "precision": 0.7757437070938215, "recall": 0.93646408839779, "accuracy": 0.7369565217391304, "f1": 0.8485607008760951, "mean_true_score": 0.7198826660767444, "mean_matched_score": 0.7687242628902109, "panoptic_quality": 0.652309199298577}