{"criterion": "iou", "thresh": 0.7, "fp": 81, "tp": 298, "fn": 64, "precision": 0.7862796833773087, "recall": 0.8232044198895028, "accuracy": 0.672686230248307, "f1": 0.8043184885290149, "n_true": 362, "n_pred": 379, "mean_true_score": 0.6612362578428911, "mean_matched_score": 0.8032467293259281, "panoptic_quality": 0.6460661952473052, "by_image": false}