{"criterion": "iou", "thresh": 0.5, "fp": 25, "tp": 354, "fn": 8, "precision": 0.9340369393139841, "recall": 0.9779005524861878, "accuracy": 0.9147286821705426, "f1": 0.9554655870445344, "n_true": 362, "n_pred": 379, "mean_true_score": 0.7625085984804354, "mean_matched_score": 0.7797404312144565, "panoptic_quality": 0.745015148852679, "by_image": false}