{"criterion": "iou", "thresh": 0.3, "fp": 20, "tp": 361, "fn": 1, "precision": 0.94750656167979, "recall": 0.9972375690607734, "accuracy": 0.9450261780104712, "f1": 0.971736204576043, "n_true": 362, "n_pred": 381, "mean_true_score": 0.7556726478081381, "mean_matched_score": 0.7577659238408477, "panoptic_quality": 0.7363485827901642, "by_image": false}