{"criterion": "iou", "thresh": 0.5, "fp": 27, "tp": 354, "fn": 8, "precision": 0.9291338582677166, "recall": 0.9779005524861878, "accuracy": 0.910025706940874, "f1": 0.9528936742934051, "n_true": 362, "n_pred": 381, "mean_true_score": 0.7470922819158649, "mean_matched_score": 0.7639757233150934, "panoptic_quality": 0.7279876340606812, "by_image": false}