{"criterion": "iou", "thresh": 0.7, "fp": 86, "tp": 298, "fn": 64, "precision": 0.7760416666666666, "recall": 0.8232044198895028, "accuracy": 0.6651785714285714, "f1": 0.7989276139410187, "n_true": 362, "n_pred": 384, "mean_true_score": 0.6545426964101212, "mean_matched_score": 0.795115624498201, "panoptic_quality": 0.6352398286875707, "by_image": false}