{"criterion": "iou", "thresh": 0.6, "fp": 38, "tp": 346, "fn": 16, "precision": 0.9010416666666666, "recall": 0.9558011049723757, "accuracy": 0.865, "f1": 0.9276139410187667, "n_true": 362, "n_pred": 384, "mean_true_score": 0.7423437906233645, "mean_matched_score": 0.7766718271839825, "panoptic_quality": 0.7204516144923806, "by_image": false}