{"criterion": "iou", "thresh": 0.8, "fp": 229, "tp": 155, "fn": 207, "precision": 0.4036458333333333, "recall": 0.4281767955801105, "accuracy": 0.2622673434856176, "f1": 0.4155495978552279, "n_true": 362, "n_pred": 384, "mean_true_score": 0.3544913372282165, "mean_matched_score": 0.8279088004942863, "panoptic_quality": 0.3440371691062048, "by_image": false}