{"criterion": "iou", "thresh": 0.4, "fp": 24, "tp": 360, "fn": 2, "precision": 0.9375, "recall": 0.994475138121547, "accuracy": 0.9326424870466321, "f1": 0.9651474530831099, "n_true": 362, "n_pred": 384, "mean_true_score": 0.7628667762924953, "mean_matched_score": 0.7671049250496759, "panoptic_quality": 0.7403693646592046, "by_image": false}