{"Mean distance from the GT to predicted surface in microns": 0.5712783590222684, "Mean distance from predicted to the GT surface in microns": 0.34160627409136274, "Mean Hausdorff95 distance": 1.9400469032481662, "Mean surface overlap fraction of GT surfaces with predicted surfaces": 0.6930927686354982, "Mean surface overlap fraction of the predicted surfaces with the GT surfaces": 0.8117709526476165, "Mean surface DSC": 0.7450038853809553, "Mean volume DSC over matched objects": 0.8794532368404403, "tp": 362, "fn": 0, "fp": 7, "precision": 0.981029810298103, "recall": 1.0, "accuracy": 0.981029810298103, "f1": 0.9904240766073872, "mean_true_score": 0.7887431679509621, "mean_matched_score": 0.7887431679509621, "panoptic_quality": 0.7811902237982169}