{"tp": 361, "fn": 1, "fp": 43, "precision": 0.8935643564356436, "recall": 0.9972375690607734, "accuracy": 0.891358024691358, "f1": 0.9425587467362925, "mean_true_score": 0.734263576855317, "mean_matched_score": 0.73629754798234, "panoptic_quality": 0.6940036940512395}