{"tp": 362, "fn": 0, "fp": 29, "precision": 0.9258312020460358, "recall": 1.0, "accuracy": 0.9258312020460358, "f1": 0.9614873837981408, "mean_true_score": 0.7917432053971686, "mean_matched_score": 0.7917432053971686, "panoptic_quality": 0.7612511031972776}