{"criterion": "iou", "thresh": 0.6, "fp": 19, "tp": 350, "fn": 12, "precision": 0.948509485094851, "recall": 0.9668508287292817, "accuracy": 0.9186351706036745, "f1": 0.957592339261286, "n_true": 362, "n_pred": 369, "mean_true_score": 0.7716614949769078, "mean_matched_score": 0.7981184605189732, "panoptic_quality": 0.7642721236159798, "by_image": false}