{"Mean distance from the GT to predicted surface in microns": 0.5030099349194371, "Mean distance from predicted to the GT surface in microns": 0.4048897756148519, "Mean Hausdorff95 distance": 1.4552437479117954, "Mean surface overlap fraction of GT surfaces with predicted surfaces": 0.7030766486716937, "Mean surface overlap fraction of the predicted surfaces with the GT surfaces": 0.8037723136960558, "Mean surface DSC": 0.7479515637930697, "Mean volume DSC over matched objects": 0.8670868263239402, "tp": 362, "fn": 0, "fp": 120, "precision": 0.7510373443983402, "recall": 1.0, "accuracy": 0.7510373443983402, "f1": 0.8578199052132701, "mean_true_score": 0.769906032809895, "mean_matched_score": 0.769906032809895, "panoptic_quality": 0.6604407200881091}