{"Mean distance from the GT to predicted surface in microns": 0.320881877210294, "Mean distance from predicted to the GT surface in microns": 0.30087953660271793, "Mean Hausdorff95 distance": 1.0082449744105995, "Mean surface overlap fraction of GT surfaces with predicted surfaces": 0.8477872158869987, "Mean surface overlap fraction of the predicted surfaces with the GT surfaces": 0.8849869917907666, "Mean surface DSC": 0.8645608158562565, "Mean volume DSC over matched objects": 0.912784834479474, "tp": 362, "fn": 0, "fp": 7, "precision": 0.981029810298103, "recall": 1.0, "accuracy": 0.981029810298103, "f1": 0.9904240766073872, "mean_true_score": 0.8412310760982787, "mean_matched_score": 0.8412310760982787, "panoptic_quality": 0.8331755117580764}