{"criterion": "iou", "thresh": 0.8, "fp": 183, "tp": 187, "fn": 175, "precision": 0.5054054054054054, "recall": 0.5165745856353591, "accuracy": 0.3431192660550459, "f1": 0.5109289617486339, "n_true": 362, "n_pred": 370, "mean_true_score": 0.43351985193089226, "mean_matched_score": 0.8392202481229037, "panoptic_quality": 0.4287819300518661, "by_image": false}