{"criterion": "iou", "thresh": 0.6, "fp": 22, "tp": 348, "fn": 14, "precision": 0.9405405405405406, "recall": 0.9613259668508287, "accuracy": 0.90625, "f1": 0.9508196721311475, "n_true": 362, "n_pred": 370, "mean_true_score": 0.7605784571631837, "mean_matched_score": 0.7911764410720474, "panoptic_quality": 0.7522661242980123, "by_image": false}