{"criterion": "iou", "thresh": 0.7, "fp": 56, "tp": 314, "fn": 48, "precision": 0.8486486486486486, "recall": 0.8674033149171271, "accuracy": 0.7511961722488039, "f1": 0.8579234972677595, "n_true": 362, "n_pred": 370, "mean_true_score": 0.6982924543032989, "mean_matched_score": 0.8050377976362872, "panoptic_quality": 0.6906608427808585, "by_image": false}